SYMBOL,NAME,EXCHANGE
"AXISBANK","Axis Bank Limited","NSE"
"EQUITASBNK","Equitas Small Finance Bank Limited","NSE"
"HDFCBANK","HDFC Bank Limited","NSE"
"ICICIBANK","ICICI Bank Limited","NSE"
"IDBI","IDBI Bank Limited","NSE"
"IDFCFIRSTB","IDFC First Bank Limited","NSE"
"INDUSINDBK","IndusInd Bank Limited","NSE"
"SBIN","State Bank of India","NSE"
"SOUTHBANK","The South Indian Bank Limited","NSE"
"YESBANK","Yes Bank Limited","NSE"
"BAJFINANCE","Bajaj Finance Limited","NSE"
"SAMMAANCAP","Sammaan Capital Limited","NSE"
"LICHSGFIN","LIC Housing Finance Limited","NSE"
"MANAPPURAM","Manappuram Finance Limited","NSE"
"PFC","Power Finance Corporation Limited","NSE"
"PFS","PTC India Financial Services Limited","NSE"
"PTC","PTC India Limited","NSE"
"PTL","PTL Enterprises Limited","NSE"
"RECLTD","REC Limited","NSE"
"SHRIRAMFIN","Shriram Finance Limited","NSE"
"HDFCAMC","HDFC Asset Management Company Limited","NSE"
"NAM-INDIA","Nippon Life India Asset Management Limited","NSE"
"CDSL","Central Depository Services (India) Limited","NSE"
"IVC","IL&FS Investment Managers Limited","NSE"
"ISEC","ICICI Securities Limited","NSE"
"AUROPHARMA","Aurobindo Pharma Limited","NSE"
"CIPLA","Cipla Limited","NSE"
"GLAND","Gland Pharma Limited","NSE"
"GLENMARK","Glenmark Pharmaceuticals Limited","NSE"
"IOLCP","IOL Chemicals and Pharmaceuticals Limited","NSE"
"JUBLPHARMA","Jubilant Pharmova Limited","NSE"
"SUNPHARMA","Sun Pharmaceutical Industries Limited","NSE"
"IEX","Indian Energy Exchange Limited","NSE"
"BCG","Brightcom Group Limited","NSE"
"BALMLAWRIE","Balmer Lawrie & Company Limited","NSE"
"BLIL","Balmer Lawrie Investments Limited","NSE"
"BPCL","Bharat Petroleum Corporation Limited","NSE"
"COALINDIA","Coal India Limited","NSE"
"GAIL","GAIL (India) Limited","NSE"
"GMDCLTD","Gujarat Mineral Development Corporation Limited","NSE"
"HINDZINC","Hindustan Zinc Limited","NSE"
"IOC","Indian Oil Corporation Limited","NSE"
"JINDALSTEL","JINDAL STEEL LIMITED","NSE"
"MAANALU","Maan Aluminium Limited","NSE"
"MOIL","MOIL Limited","NSE"
"NATIONALUM","National Aluminium Company Limited","NSE"
"NLCINDIA","NLC India Limited","NSE"
"NMDC","NMDC Limited","NSE"
"NTPC","NTPC Limited","NSE"
"ONGC","Oil & Natural Gas Corporation Limited","NSE"
"SAIL","Steel Authority of India Limited","NSE"
"TATASTEEL","Tata Steel Limited","NSE"
"VEDL","Vedanta Limited","NSE"
"HGINFRA","H.G. Infra Engineering Limited","NSE"
"IRB","IRB Infrastructure Developers Limited","NSE"
"IRCON","Ircon International Limited","NSE"
"IRCTC","Indian Railway Catering And Tourism Corporation Limited","NSE"
"JPASSOCIAT","Jaiprakash Associates Limited","NSE"
"KEC","KEC International Limited","NSE"
"LT","Larsen & Toubro Limited","NSE"
"NBCC","NBCC (India) Limited","NSE"
"NCC","NCC Limited","NSE"
"PARSVNATH","Parsvnath Developers Limited","NSE"
"RITES","RITES Limited","NSE"
"SADBHAV","Sadbhav Engineering Limited","NSE"
"SIMPLEXINF","Simplex Infrastructures Limited","NSE"
"SOBHA","Sobha Limited","NSE"
"SREINFRA","SREI Infrastructure Finance Limited","NSE"
"KAJARIACER","Kajaria Ceramics Limited","NSE"
"POKARNA","Pokarna Limited","NSE"
"PRSMJOHNSN","Prism Johnson Limited","NSE"
"ULTRACEMCO","UltraTech Cement Limited","NSE"
"EMBASSY","Embassy Office Parks REIT","NSE"
"APLAPOLLO","APL Apollo Tubes Limited","NSE"
"APOLLOPIPE","Apollo Pipes Limited","NSE"
"GRAPHITE","Graphite India Limited","NSE"
"HEG","HEG Limited","NSE"
"GOACARBON","Goa Carbon Limited","NSE"
"PCBL","PCBL Chemical Limited","NSE"
"RAIN","Rain Industries Limited","NSE"
"GMBREW","GM Breweries Limited","NSE"
"IONEXCHANG","ION Exchange (India) Limited","NSE"
"VSTIND","VST Industries Limited","NSE"
"ARE&M","Amara Raja Energy & Mobility Limited","NSE"
"ASHOKLEY","Ashok Leyland Limited","NSE"
"BAJAJ-AUTO","Bajaj Auto Limited","NSE"
"BANCOINDIA","Banco Products (I) Limited","NSE"
"GABRIEL","Gabriel India Limited","NSE"
"JAMNAAUTO","Jamna Auto Industries Limited","NSE"
"MINDACORP","Minda Corporation Limited","NSE"
"M&M","Mahindra & Mahindra Limited","NSE"
"OMAXAUTO","Omax Autos Limited","NSE"
"SAMKRG","Samkrg Pistons and Rings Limited","NSE"
"TALBROAUTO","Talbros Automotive Components Limited","NSE"
"TMPV","Tata Motors Passenger Vehicles Limited","NSE"
"TVSMOTOR","TVS Motor Company Limited","NSE"
"DEN","Den Networks Limited","NSE"
"GTPL","GTPL Hathway Limited","NSE"
"HATHWAY","Hathway Cable & Datacom Limited","NSE"
"PVRINOX","PVR INOX Limited","NSE"
"SAREGAMA","Saregama India Limited","NSE"
"SUNTV","Sun TV Network Limited","NSE"
"NETWORK18","Network18 Media & Investments Limited","NSE"
"TTML","Tata Teleservices (Maharashtra) Limited","NSE"
"ZEEL","Zee Entertainment Enterprises Limited","NSE"
"AKSHOPTFBR","Aksh Optifibre Limited","NSE"
"IDEA","Vodafone Idea Limited","NSE"
"TATACOMM","Tata Communications Limited","NSE"
"INDIGO","InterGlobe Aviation Limited","NSE"
"MANAKSIA","Manaksia Limited","NSE"
"TCI","Transport Corporation of India Limited","NSE"
"TITAGARH","TITAGARH RAIL SYSTEMS LIMITED","NSE"
"BORORENEW","BOROSIL RENEWABLES LIMITED","NSE"
"MPSLTD","MPS Limited","NSE"
"UFLEX","UFLEX Limited","NSE"
"XPROINDIA","Xpro India Limited","NSE"
"PAKKA","PAKKA LIMITED","NSE"
"BAJAJHIND","Bajaj Hindusthan Sugar Limited","NSE"
"RENUKA","Shree Renuka Sugars Limited","NSE"
"GRWRHITECH","Garware Hi-Tech Films Limited","NSE"
"AVTNPL","AVT Natural Products Limited","NSE"
"BRITANNIA","Britannia Industries Limited","NSE"
"RBA","Restaurant Brands Asia Limited","NSE"
"COLPAL","Colgate Palmolive (India) Limited","NSE"
"HATSUN","Hatsun Agro Product Limited","NSE"
"UMANGDAIRY","Umang Dairies Limited","NSE"
"HINDUNILVR","Hindustan Unilever Limited","NSE"
"JUBLFOOD","Jubilant Foodworks Limited","NSE"
"MARICO","Marico Limited","NSE"
"NESTLEIND","Nestle India Limited","NSE"
"PGHL","Procter & Gamble Health Limited","NSE"
"PATANJALI","Patanjali Foods Limited","NSE"
"TASTYBITE","Tasty Bite Eatables Limited","NSE"
"TATACONSUM","TATA CONSUMER PRODUCTS LIMITED","NSE"
"DMART","Avenue Supermarts Limited","NSE"
"FCONSUMER","Future Consumer Limited","NSE"
"FEL","Future Enterprises Limited","NSE"
"FRETAIL","Future Retail Limited","NSE"
"SHOPERSTOP","Shoppers Stop Limited","NSE"
"V2RETAIL","V2 Retail Limited","NSE"
"VMART","V-Mart Retail Limited","NSE"
"BATAINDIA","Bata India Limited","NSE"
"RELAXO","Relaxo Footwears Limited","NSE"
"BAJAJELEC","Bajaj Electricals Limited","NSE"
"CROMPTON","Crompton Greaves Consumer Electricals Limited","NSE"
"FINCABLES","Finolex Cables Limited","NSE"
"GODREJIND","Godrej Industries Limited","NSE"
"IFBIND","IFB Industries Limited","NSE"
"KEI","KEI Industries Limited","NSE"
"POLYCAB","Polycab India Limited","NSE"
"VGUARD","V-Guard Industries Limited","NSE"
"VOLTAS","Voltas Limited","NSE"
"ADANIGREEN","Adani Green Energy Limited","NSE"
"ADANIPOWER","Adani Power Limited","NSE"
"CGPOWER","CG Power and Industrial Solutions Limited","NSE"
"GVPIL","GE Power India Limited","NSE"
"GVT&D","GE Vernova T&D India Limited","NSE"
"GREENPOWER","Orient Green Power Company Limited","NSE"
"JPPOWER","Jaiprakash Power Ventures Limited","NSE"
"KPIL","Kalpataru Projects International Limited","NSE"
"NHPC","NHPC Limited","NSE"
"RPOWER","Reliance Power Limited","NSE"
"SJVN","SJVN Limited","NSE"
"SUZLON","Suzlon Energy Limited","NSE"
"TATAPOWER","Tata Power Company Limited","NSE"
"TORNTPOWER","Torrent Power Limited","NSE"
"3IINFOLTD","3i Infotech Limited","NSE"
"AFFLE","Affle 3i Limited","NSE"
"CYIENT","Cyient Limited","NSE"
"HAPPSTMNDS","Happiest Minds Technologies Limited","NSE"
"INFY","Infosys Limited","NSE"
"LTM","LTM Limited","NSE"
"ROUTE","ROUTE MOBILE LIMITED","NSE"
"SUBEXLTD","Subex Limited","NSE"
"TANLA","Tanla Platforms Limited","NSE"
"TCS","Tata Consultancy Services Limited","NSE"
"TECHM","Tech Mahindra Limited","NSE"
"WIPRO","Wipro Limited","NSE"
"LEMONTREE","Lemon Tree Hotels Limited","NSE"
"ORIENTHOT","Oriental Hotels Limited","NSE"
"ROHLTD","Royal Orchid Hotels Limited","NSE"
"TAJGVK","Taj GVK Hotels & Resorts Limited","NSE"
"ALOKINDS","Alok Industries Limited","NSE"
"JBFIND","JBF Industries Limited","NSE"
"NDL","Nandan Denim Limited","NSE"
"ORBTEXP","Orbit Exports Limited","NSE"
"PAGEIND","Page Industries Limited","NSE"
"RAYMOND","Raymond Limited","NSE"
"SPAL","S. P. Apparels Limited","NSE"
"TRIDENT","Trident Limited","NSE"
"WELSPUNLIV","Welspun Living Limited","NSE"
"ABB","ABB India Limited","NSE"
"HONAUT","Honeywell Automation India Limited","NSE"
"LMW","LMW Limited","NSE"
"RELIANCE","Reliance Industries Limited","NSE"
"SIEMENS","Siemens Limited","NSE"
"TITAN","Titan Company Limited","NSE"
"BALAMINES","Balaji Amines Limited","NSE"
"SUDARCOLOR","Sudarshan Colorants India Limited","NSE"
"DEEPAKNTR","Deepak Nitrite Limited","NSE"
"DEEPAKFERT","Deepak Fertilizers and Petrochemicals Corporation Limited","NSE"
"ESTER","Ester Industries Limited","NSE"
"GNFC","Gujarat Narmada Valley Fertilizers and Chemicals Limited","NSE"
"KANCHI","Kanchi Karpooram Limited","NSE"
"NAGARFERT","Nagarjuna Fertilizers and Chemicals Limited","NSE"
"ROSSARI","Rossari Biotech Limited","NSE"
"TATACHEM","Tata Chemicals Limited","NSE"
"UPL","UPL Limited","NSE"
"QUESS","Quess Corp Limited","NSE"
"ASTRAMICRO","Astra Microwave Products Limited","NSE"
"BDL","Bharat Dynamics Limited","NSE"
"HAL","Hindustan Aeronautics Limited","NSE"
"SIKA","Sika Interplant Systems Limited","NSE"
"GUJGASLTD","Gujarat Energy Limited (erstwhile Gujarat Gas Limited)","NSE"
"MGL","Mahanagar Gas Limited","NSE"
"JMFINANCIL","JM Financial Limited","NSE"
"PAYTM","One 97 Communications Limited","NSE"
"JSL","Jindal Stainless Limited","NSE"
"JKPAPER","JK Paper Limited","NSE"
"IVP","IVP Limited","NSE"
"RALLIS","Rallis India Limited","NSE"
"ASALCBR","Associated Alcohols & Breweries Ltd.","NSE"
"BEML","BEML Limited","NSE"
"CARTRADE","Cartrade Tech Limited","NSE"
"COCHINSHIP","Cochin Shipyard Limited","NSE"
"DATAPATTNS","Data Patterns (India) Limited","NSE"
"GESHIP","The Great Eastern Shipping Company Limited","NSE"
"GMRP&UI","GMR Power and Urban Infra Limited","NSE"
"GUJENERGY","GUJARAT ENERGY LIMITED","NSE"
"IDEAFORGE","Ideaforge Technology Limited","NSE"
"INTERARCH","Interarch Building Solutions Limited","NSE"
"KAYNES","Kaynes Technology India Limited","NSE"
"KRBL","KRBL Limited","NSE"
"KRN","KRN Heat Exchanger and Refrigeration Limited","NSE"
"LICI","Life Insurance Corporation Of India","NSE"
"LTFOODS","LT Foods Limited","NSE"
"MICEL","MIC Electronics Limited","NSE"
"MOSCHIP","Moschip Technologies Limited","NSE"
"MTARTECH","Mtar Technologies Limited","NSE"
"NETWEB","Netweb Technologies India Limited","NSE"
"NITTAGELA","Nitta Gelatin India Limited","NSE"
"OLAELEC","Ola Electric Mobility Limited","NSE"
"PREMEXPLN","Premier Explosives Limited","NSE"
"RIR","RIR Power Electronics Limited","NSE"
"SCI","Shipping Corporation Of India Limited","NSE"
"SHAKTIPUMP","Shakti Pumps (India) Limited","NSE"
"SPANDANA","Spandana Sphoorty Financial Limited","NSE"
"SUNTECK","Sunteck Realty Limited","NSE"
"TIMKEN","Timken India Limited","NSE"
"TMCV","Tata Motors Limited","NSE"
"VASWANI","Vaswani Industries Limited","NSE"
"VBL","Varun Beverages Limited","NSE"
"WAAREEENER","Waaree Energies Limited","NSE"
"WEBELSOLAR","Websol Energy System Limited","NSE"
"JUNIORBEES","Nippon India ETF Nifty Next 50 Junior BeES","NSE"
"MID150BEES","Nippon India ETF Nifty Midcap 150","NSE"
"SILVERBEES","Nippon India Silver ETF","NSE"
"PHARMABEES","Nippon India ETF Nifty Pharma","NSE"
"GILT5YBEES","Nippon India ETF Nifty 5 Year Benchmark G-Sec","NSE"
"NIFTYBEES","Nippon India ETF Nifty 50 BeES","NSE"
"INFRABEES","Nippon India ETF Nifty Infrastructure BeES","NSE"
"GOLDBEES","Nippon India ETF Gold BeES","NSE"
"ITBEES","Nippon India ETF Nifty IT","NSE"
"SETFGOLD","SBI ETF Gold","NSE"
"SETFNIFBK","SBI ETF Nifty Bank","NSE"
"SETFNN50","SBI ETF Nifty Next 50","NSE"
"IDFNIFTYET","Bandhan Nifty 50 ETF","NSE"
"NIFTYETF","Mirae Asset Nifty 50 ETF","NSE"
"DIACABS","Diamond Power Infrastructure Limited","NSE"
"CUPID","Cupid Limited","NSE"
"ATHERENERG","Ather Energy Limited","NSE"
"MAZDOCK","Mazagon Dock Shipbuilders Limited","NSE"
"GENUSPOWER","Genus Power Infrastructures Limited","NSE"
"KALYANKJIL","Kalyan Jewellers India Limited","NSE"
"INDIANB","Indian Bank","NSE"
"SENCO","Senco Gold Limited","NSE"
"NORTHARC","Northern Arc Capital Limited","NSE"
"WELCORP","Welspun Corp Limited","NSE"
"WABAG","VA Tech Wabag Limited","NSE"
"J&KBANK","The Jammu & Kashmir Bank Limited","NSE"
"IFCI","IFCI Limited","NSE"
"BBOX","Black Box Limited","NSE"
"REDINGTON","Redington Limited","NSE"
"IBULLSLTD","Indiabulls Limited","NSE"
"TARIL","Transformers And Rectifiers (India) Limited","NSE"
"AEGISLOG","Aegis Logistics Limited","NSE"
"MEESHO","Meesho Limited","NSE"
"KERNEX","Kernex Microsystems (India) Limited","NSE"
"CONCORD","Concord Control Systems Limited","NSE"
"HBLENGINE","HBL Engineering Limited","NSE"
"OFSS","Oracle Financial Services Software Limited","NSE"
"DIXON","Dixon Technologies (India) Limited","NSE"
"VEDANT","Vedant Asset Limited","NSE"
"VEDPOWER","Vedanta Power Limited","NSE"
"VAML","Vedanta Aluminium Metal Limited","NSE"
"VISL","Vedanta Iron and Steel Limited","NSE"
"VOGL","Vedanta Oil and Gas Limited","NSE"
"AMAGI","Amagi Media Labs Limited","NSE"
"PINELABS","Pine Labs Limited","NSE"
"FLUOROCHEM","Gujarat Fluorochemicals Limited","NSE"
"E2E","E2E Networks Limited","NSE"
"TDPOWERSYS","TD Power Systems Limited","NSE"
"VSSL","Vardhman Special Steels Limited","NSE"
"ITC","ITC Limited","NSE"
"TBZ","Tribhovandas Bhimji Zaveri Limited","NSE"